{
	"HomeOfficeTest": {
		"CiscoCodec": "192.168.1.220",
		"Taurus": "lightware-AB182914.local"
	},
	"FelixTest": {
		"CiscoCodec": "192.168.1.179",
		"Taurus": "lightware-B3192255.local"
	},
	"BCG Test": {
		"CiscoCodec": "10.200.81.115",
		"Taurus": "lightware-B6210149.local"
	},
	"BCG LON.5D.81": {
		"CiscoCodec": "10.200.81.112",
		"Taurus": "lightware-B6212512.local"
	},
	"BCG LON.5D.70": {
		"CiscoCodec": "10.200.81.103",
		"Taurus": "lightware-B6212513.local"
	},
	"BCG LON.5D.54": {
		"CiscoCodec": "10.200.81.95",
		"Taurus": "lightware-B6212517.local"
	}
}
